teamname,teamwebsite,otherwebsite,teamnameshort,sportid,eventgroupid,sport,jsonobject,secretsheader
Anaheim Ducks,https://www.nhl.com/ducks/,None,Ducks,3,42133,NHL,"{""teamname"": ""Anaheim Ducks"", ""sportid"": 3, ""eventgroupid"": 42133, ""teamwebsite"": ""https://www.nhl.com/ducks/""}",team_list_NHL_Ducks
Arizona Coyotes,https://www.nhl.com/coyotes/,None,Coyotes,3,42133,NHL,"{""teamname"": ""Arizona Coyotes"", ""sportid"": 3, ""eventgroupid"": 42133, ""teamwebsite"": ""https://www.nhl.com/coyotes/""}",team_list_NHL_Coyotes
Boston Bruins,https://www.nhl.com/bruins/,None,Bruins,3,42133,NHL,"{""teamname"": ""Boston Bruins"", ""sportid"": 3, ""eventgroupid"": 42133, ""teamwebsite"": ""https://www.nhl.com/bruins/""}",team_list_NHL_Bruins
Buffalo Sabres,https://www.nhl.com/sabres/,None,Sabres,3,42133,NHL,"{""teamname"": ""Buffalo Sabres"", ""sportid"": 3, ""eventgroupid"": 42133, ""teamwebsite"": ""https://www.nhl.com/sabres/""}",team_list_NHL_Sabres
Calgary Flames,https://www.nhl.com/flames/,None,Flames,3,42133,NHL,"{""teamname"": ""Calgary Flames"", ""sportid"": 3, ""eventgroupid"": 42133, ""teamwebsite"": ""https://www.nhl.com/flames/""}",team_list_NHL_Flames
Carolina Hurricanes,https://www.nhl.com/hurricanes/,None,Hurricanes,3,42133,NHL,"{""teamname"": ""Carolina Hurricanes"", ""sportid"": 3, ""eventgroupid"": 42133, ""teamwebsite"": ""https://www.nhl.com/hurricanes/""}",team_list_NHL_Hurricanes
Chicago Blackhawks,https://www.nhl.com/blackhawks/,None,Blackhawks,3,42133,NHL,"{""teamname"": ""Chicago Blackhawks"", ""sportid"": 3, ""eventgroupid"": 42133, ""teamwebsite"": ""https://www.nhl.com/blackhawks/""}",team_list_NHL_Blackhawks
Colorado Avalanche,https://www.nhl.com/avalanche/,None,Avalanche,3,42133,NHL,"{""teamname"": ""Colorado Avalanche"", ""sportid"": 3, ""eventgroupid"": 42133, ""teamwebsite"": ""https://www.nhl.com/avalanche/""}",team_list_NHL_Avalanche
Columbus Blue Jackets,https://www.nhl.com/bluejackets/,None,BlueJackets,3,42133,NHL,"{""teamname"": ""Columbus Blue Jackets"", ""sportid"": 3, ""eventgroupid"": 42133, ""teamwebsite"": ""https://www.nhl.com/bluejackets/""}",team_list_NHL_BlueJackets
Dallas Stars,https://www.nhl.com/stars/,None,Stars,3,42133,NHL,"{""teamname"": ""Dallas Stars"", ""sportid"": 3, ""eventgroupid"": 42133, ""teamwebsite"": ""https://www.nhl.com/stars/""}",team_list_NHL_Stars
Detroit Red Wings,https://www.nhl.com/redwings/,None,RedWings,3,42133,NHL,"{""teamname"": ""Detroit Red Wings"", ""sportid"": 3, ""eventgroupid"": 42133, ""teamwebsite"": ""https://www.nhl.com/redwings/""}",team_list_NHL_RedWings
Edmonton Oilers,https://www.nhl.com/oilers/,None,Oilers,3,42133,NHL,"{""teamname"": ""Edmonton Oilers"", ""sportid"": 3, ""eventgroupid"": 42133, ""teamwebsite"": ""https://www.nhl.com/oilers/""}",team_list_NHL_Oilers
Florida Panthers,https://www.nhl.com/panthers/,None,Panthers,3,42133,NHL,"{""teamname"": ""Florida Panthers"", ""sportid"": 3, ""eventgroupid"": 42133, ""teamwebsite"": ""https://www.nhl.com/panthers/""}",team_list_NHL_Panthers
Los Angeles Kings,https://www.nhl.com/kings/,None,Kings,3,42133,NHL,"{""teamname"": ""Los Angeles Kings"", ""sportid"": 3, ""eventgroupid"": 42133, ""teamwebsite"": ""https://www.nhl.com/kings/""}",team_list_NHL_Kings
Minnesota Wild,https://www.nhl.com/wild/,None,Wild,3,42133,NHL,"{""teamname"": ""Minnesota Wild"", ""sportid"": 3, ""eventgroupid"": 42133, ""teamwebsite"": ""https://www.nhl.com/wild/""}",team_list_NHL_Wild
Montreal Canadiens,https://www.nhl.com/canadiens/,None,Canadiens,3,42133,NHL,"{""teamname"": ""Montreal Canadiens"", ""sportid"": 3, ""eventgroupid"": 42133, ""teamwebsite"": ""https://www.nhl.com/canadiens/""}",team_list_NHL_Canadiens
Nashville Predators,https://www.nhl.com/predators/,None,Predators,3,42133,NHL,"{""teamname"": ""Nashville Predators"", ""sportid"": 3, ""eventgroupid"": 42133, ""teamwebsite"": ""https://www.nhl.com/predators/""}",team_list_NHL_Predators
New Jersey Devils,https://www.nhl.com/devils/,None,Devils,3,42133,NHL,"{""teamname"": ""New Jersey Devils"", ""sportid"": 3, ""eventgroupid"": 42133, ""teamwebsite"": ""https://www.nhl.com/devils/""}",team_list_NHL_Devils
New York Islanders,https://www.nhl.com/islanders/,None,Islanders,3,42133,NHL,"{""teamname"": ""New York Islanders"", ""sportid"": 3, ""eventgroupid"": 42133, ""teamwebsite"": ""https://www.nhl.com/islanders/""}",team_list_NHL_Islanders
New York Rangers,https://www.nhl.com/rangers/,None,Rangers,3,42133,NHL,"{""teamname"": ""New York Rangers"", ""sportid"": 3, ""eventgroupid"": 42133, ""teamwebsite"": ""https://www.nhl.com/rangers/""}",team_list_NHL_Rangers
Ottawa Senators,https://www.nhl.com/senators/,None,Senators,3,42133,NHL,"{""teamname"": ""Ottawa Senators"", ""sportid"": 3, ""eventgroupid"": 42133, ""teamwebsite"": ""https://www.nhl.com/senators/""}",team_list_NHL_Senators
Philadelphia Flyers,https://www.nhl.com/flyers/,None,Flyers,3,42133,NHL,"{""teamname"": ""Philadelphia Flyers"", ""sportid"": 3, ""eventgroupid"": 42133, ""teamwebsite"": ""https://www.nhl.com/flyers/""}",team_list_NHL_Flyers
Pittsburgh Penguins,https://www.nhl.com/penguins/,None,Penguins,3,42133,NHL,"{""teamname"": ""Pittsburgh Penguins"", ""sportid"": 3, ""eventgroupid"": 42133, ""teamwebsite"": ""https://www.nhl.com/penguins/""}",team_list_NHL_Penguins
San Jose Sharks,https://www.nhl.com/sharks/,None,Sharks,3,42133,NHL,"{""teamname"": ""San Jose Sharks"", ""sportid"": 3, ""eventgroupid"": 42133, ""teamwebsite"": ""https://www.nhl.com/sharks/""}",team_list_NHL_Sharks
St. Louis Blues,https://www.nhl.com/blues/,None,Blues,3,42133,NHL,"{""teamname"": ""St. Louis Blues"", ""sportid"": 3, ""eventgroupid"": 42133, ""teamwebsite"": ""https://www.nhl.com/blues/""}",team_list_NHL_Blues
Tampa Bay Lightning,https://www.nhl.com/lightning/,None,Lightning,3,42133,NHL,"{""teamname"": ""Tampa Bay Lightning"", ""sportid"": 3, ""eventgroupid"": 42133, ""teamwebsite"": ""https://www.nhl.com/lightning/""}",team_list_NHL_Lightning
Toronto Maple Leafs,https://www.nhl.com/mapleleafs/,None,Maple Leafs,3,42133,NHL,"{""teamname"": ""Toronto Maple Leafs"", ""sportid"": 3, ""eventgroupid"": 42133, ""teamwebsite"": ""https://www.nhl.com/mapleleafs/""}",team_list_NHL_Maple Leafs
Vancouver Canucks,https://www.nhl.com/canucks/,None,Canucks,3,42133,NHL,"{""teamname"": ""Vancouver Canucks"", ""sportid"": 3, ""eventgroupid"": 42133, ""teamwebsite"": ""https://www.nhl.com/canucks/""}",team_list_NHL_Canucks
Vegas Golden Knights,https://www.nhl.com/goldenknights/,None,Knights,3,42133,NHL,"{""teamname"": ""Vegas Golden Knights"", ""sportid"": 3, ""eventgroupid"": 42133, ""teamwebsite"": ""https://www.nhl.com/goldenknights/""}",team_list_NHL_Knights
Washington Capitals,https://www.nhl.com/capitals/,None,Capitals,3,42133,NHL,"{""teamname"": ""Washington Capitals"", ""sportid"": 3, ""eventgroupid"": 42133, ""teamwebsite"": ""https://www.nhl.com/capitals/""}",team_list_NHL_Capitals
Winnipeg Jets,https://www.nhl.com/jets,None,Jets,3,42133,NHL,"{""teamname"": ""Winnipeg Jets"", ""sportid"": 3, ""eventgroupid"": 42133, ""teamwebsite"": ""https://www.nhl.com/jets/""}",team_list_NHL_Jets
Atlanta Hawks,https://www.nba.com/hawks/,None,Hawks,4,42648,NBA,"{""teamname"": ""Atlanta Hawks"", ""sportid"": 4, ""eventgroupid"": 42648, ""teamwebsite"": ""https://www.nba.com/hawks/""}",team_list_NBA_Hawks
Boston Celtics,https://www.nba.com/celtics/,None,Celtics,4,42648,NBA,"{""teamname"": ""Boston Celtics"", ""sportid"": 4, ""eventgroupid"": 42648, ""teamwebsite"": ""https://www.nba.com/celtics/""}",team_list_NBA_Celtics
Brooklyn Nets,https://www.nba.com/nets/,None,Nets,4,42648,NBA,"{""teamname"": ""Brooklyn Nets"", ""sportid"": 4, ""eventgroupid"": 42648, ""teamwebsite"": ""https://www.nba.com/nets/""}",team_list_NBA_Nets
Charlotte Hornets,https://www.nba.com/hornets/,None,Hornets,4,42648,NBA,"{""teamname"": ""Charlotte Hornets"", ""sportid"": 4, ""eventgroupid"": 42648, ""teamwebsite"": ""https://www.nba.com/hornets/""}",team_list_NBA_Hornets
Chicago Bulls,https://www.nba.com/bulls/,None,Bulls,4,42648,NBA,"{""teamname"": ""Chicago Bulls"", ""sportid"": 4, ""eventgroupid"": 42648, ""teamwebsite"": ""https://www.nba.com/bulls/""}",team_list_NBA_Bulls
Cleveland Cavaliers,https://www.nba.com/cavaliers/,None,Cavaliers,4,42648,NBA,"{""teamname"": ""Cleveland Cavaliers"", ""sportid"": 4, ""eventgroupid"": 42648, ""teamwebsite"": ""https://www.nba.com/cavaliers/""}",team_list_NBA_Cavaliers
Dallas Mavericks,https://www.nba.com/mavericks/,None,Mavericks,4,42648,NBA,"{""teamname"": ""Dallas Mavericks"", ""sportid"": 4, ""eventgroupid"": 42648, ""teamwebsite"": ""https://www.nba.com/mavericks/""}",team_list_NBA_Mavericks
Denver Nuggets,https://www.nba.com/nuggets/,None,Nuggets,4,42648,NBA,"{""teamname"": ""Denver Nuggets"", ""sportid"": 4, ""eventgroupid"": 42648, ""teamwebsite"": ""https://www.nba.com/nuggets/""}",team_list_NBA_Nuggets
Detroit Pistons,https://www.nba.com/pistons/,None,Pistons,4,42648,NBA,"{""teamname"": ""Detroit Pistons"", ""sportid"": 4, ""eventgroupid"": 42648, ""teamwebsite"": ""https://www.nba.com/pistons/""}",team_list_NBA_Pistons
Golden State Warriors,https://www.nba.com/warriors/,None,Wariors,4,42648,NBA,"{""teamname"": ""Golden State Warriors"", ""sportid"": 4, ""eventgroupid"": 42648, ""teamwebsite"": ""https://www.nba.com/warriors/""}",team_list_NBA_Wariors
Houston Rockets,https://www.nba.com/rockets/,None,Rockets,4,42648,NBA,"{""teamname"": ""Houston Rockets"", ""sportid"": 4, ""eventgroupid"": 42648, ""teamwebsite"": ""https://www.nba.com/rockets/""}",team_list_NBA_Rockets
Indiana Pacers,https://www.nba.com/pacers/,None,Pacers,4,42648,NBA,"{""teamname"": ""Indiana Pacers"", ""sportid"": 4, ""eventgroupid"": 42648, ""teamwebsite"": ""https://www.nba.com/pacers/""}",team_list_NBA_Pacers
Los Angeles Clippers,https://www.nba.com/clippers/,None,Clippers,4,42648,NBA,"{""teamname"": ""Los Angeles Clippers"", ""sportid"": 4, ""eventgroupid"": 42648, ""teamwebsite"": ""https://www.nba.com/clippers/""}",team_list_NBA_Clippers
Los Angeles Lakers,https://www.nba.com/lakers/,None,Lakers,4,42648,NBA,"{""teamname"": ""Los Angeles Lakers"", ""sportid"": 4, ""eventgroupid"": 42648, ""teamwebsite"": ""https://www.nba.com/lakers/""}",team_list_NBA_Lakers
Memphis Grizzlies,https://www.nba.com/grizzlies/,None,Grizzlies,4,42648,NBA,"{""teamname"": ""Memphis Grizzlies"", ""sportid"": 4, ""eventgroupid"": 42648, ""teamwebsite"": ""https://www.nba.com/grizzlies/""}",team_list_NBA_Grizzlies
Miami Heat,https://www.nba.com/heat/,None,Heat,4,42648,NBA,"{""teamname"": ""Miami Heat"", ""sportid"": 4, ""eventgroupid"": 42648, ""teamwebsite"": ""https://www.nba.com/heat/""}",team_list_NBA_Heat
Milwaukee Bucks,https://www.nba.com/bucks/,None,Bucks,4,42648,NBA,"{""teamname"": ""Milwaukee Bucks"", ""sportid"": 4, ""eventgroupid"": 42648, ""teamwebsite"": ""https://www.nba.com/bucks/""}",team_list_NBA_Bucks
Minnesota Timberwolves,https://www.nba.com/timberwolves/,None,Timberwolves,4,42648,NBA,"{""teamname"": ""Minnesota Timberwolves"", ""sportid"": 4, ""eventgroupid"": 42648, ""teamwebsite"": ""https://www.nba.com/timberwolves/""}",team_list_NBA_Timberwolves
New Orleans Pelicans,https://www.nba.com/pelicans/,None,Pelicans,4,42648,NBA,"{""teamname"": ""New Orleans Pelicans"", ""sportid"": 4, ""eventgroupid"": 42648, ""teamwebsite"": ""https://www.nba.com/pelicans/""}",team_list_NBA_Pelicans
New York Knicks,https://www.nba.com/knicks/,None,Knicks,4,42648,NBA,"{""teamname"": ""New York Knicks"", ""sportid"": 4, ""eventgroupid"": 42648, ""teamwebsite"": ""https://www.nba.com/knicks/""}",team_list_NBA_Knicks
Oklahoma City Thunder,https://www.nba.com/thunder/,None,Thunder,4,42648,NBA,"{""teamname"": ""Oklahoma City Thunder"", ""sportid"": 4, ""eventgroupid"": 42648, ""teamwebsite"": ""https://www.nba.com/thunder/""}",team_list_NBA_Thunder
Orlando Magic,https://www.nba.com/magic/,None,Magic,4,42648,NBA,"{""teamname"": ""Orlando Magic"", ""sportid"": 4, ""eventgroupid"": 42648, ""teamwebsite"": ""https://www.nba.com/magic/""}",team_list_NBA_Magic
Philadelphia 76ers,https://www.nba.com/sixers/,None,76ers,4,42648,NBA,"{""teamname"": ""Philadelphia 76ers"", ""sportid"": 4, ""eventgroupid"": 42648, ""teamwebsite"": ""https://www.nba.com/sixers/""}",team_list_NBA_76ers
Phoenix Suns,https://www.nba.com/suns/,None,Suns,4,42648,NBA,"{""teamname"": ""Phoenix Suns"", ""sportid"": 4, ""eventgroupid"": 42648, ""teamwebsite"": ""https://www.nba.com/suns/""}",team_list_NBA_Suns
Portland Trail Blazers,https://www.nba.com/blazers/,None,TrailBlazers,4,42648,NBA,"{""teamname"": ""Portland Trail Blazers"", ""sportid"": 4, ""eventgroupid"": 42648, ""teamwebsite"": ""https://www.nba.com/blazers/""}",team_list_NBA_TrailBlazers
Sacramento Kings,https://www.nba.com/kings/,None,Kings,4,42648,NBA,"{""teamname"": ""Sacramento Kings"", ""sportid"": 4, ""eventgroupid"": 42648, ""teamwebsite"": ""https://www.nba.com/kings/""}",team_list_NBA_Kings
San Antonio Spurs,https://www.nba.com/spurs/,None,Spurs,4,42648,NBA,"{""teamname"": ""San Antonio Spurs"", ""sportid"": 4, ""eventgroupid"": 42648, ""teamwebsite"": ""https://www.nba.com/spurs/""}",team_list_NBA_Spurs
Toronto Raptors,https://www.nba.com/raptors/,None,Raptors,4,42648,NBA,"{""teamname"": ""Toronto Raptors"", ""sportid"": 4, ""eventgroupid"": 42648, ""teamwebsite"": ""https://www.nba.com/raptors/""}",team_list_NBA_Raptors
Utah Jazz,https://www.nba.com/jazz/,None,Jazz,4,42648,NBA,"{""teamname"": ""Utah Jazz"", ""sportid"": 4, ""eventgroupid"": 42648, ""teamwebsite"": ""https://www.nba.com/jazz/""}",team_list_NBA_Jazz
Washington Wizards,https://www.nba.com/wizards/,None,Wizards,4,42648,NBA,"{""teamname"": ""Washington Wizards"", ""sportid"": 4, ""eventgroupid"": 42648, ""teamwebsite"": ""https://www.nba.com/wizards/""}",team_list_NBA_Wizards
Baltimore Orioles,https://www.mlb.com/orioles,None,Orioles,2,84240,MLB,"{""teamname"": ""Baltimore Orioles"", ""sportid"": 2, ""eventgroupid"": 84240, ""teamwebsite"": ""https://www.mlb.com/orioles""}",team_list_MLB_Orioles
Boston Red Sox,https://www.mlb.com/redsox,None,RedSox,2,84240,MLB,"{""teamname"": ""Boston Red Sox"", ""sportid"": 2, ""eventgroupid"": 84240, ""teamwebsite"": ""https://www.mlb.com/redsox""}",team_list_MLB_RedSox
New York Yankees,https://www.mlb.com/yankees,None,Yankees,2,84240,MLB,"{""teamname"": ""New York Yankees"", ""sportid"": 2, ""eventgroupid"": 84240, ""teamwebsite"": ""https://www.mlb.com/yankees""}",team_list_MLB_Yankees
Tampa Bay Rays,https://www.mlb.com/rays,None,Rays,2,84240,MLB,"{""teamname"": ""Tampa Bay Rays"", ""sportid"": 2, ""eventgroupid"": 84240, ""teamwebsite"": ""https://www.mlb.com/rays""}",team_list_MLB_Rays
Toronto Blue Jays,https://www.mlb.com/bluejays,None,BlueJays,2,84240,MLB,"{""teamname"": ""Toronto Blue Jays"", ""sportid"": 2, ""eventgroupid"": 84240, ""teamwebsite"": ""https://www.mlb.com/bluejays""}",team_list_MLB_BlueJays
Chicago White Sox,https://www.mlb.com/whitesox,None,WhiteSox,2,84240,MLB,"{""teamname"": ""Chicago White Sox"", ""sportid"": 2, ""eventgroupid"": 84240, ""teamwebsite"": ""https://www.mlb.com/whitesox""}",team_list_MLB_WhiteSox
Cleveland Guardians,http://www.cleguardians.com,None,Guardians,2,84240,MLB,"{""teamname"": ""Cleveland Guardians"", ""sportid"": 2, ""eventgroupid"": 84240, ""teamwebsite"": ""http://www.cleguardians.com""}",team_list_MLB_Guardians
Detroit Tigers,https://www.mlb.com/tigers,None,Tigers,2,84240,MLB,"{""teamname"": ""Detroit Tigers"", ""sportid"": 2, ""eventgroupid"": 84240, ""teamwebsite"": ""https://www.mlb.com/tigers""}",team_list_MLB_Tigers
Kansas City Royals,https://www.mlb.com/royals,None,Royals,2,84240,MLB,"{""teamname"": ""Kansas City Royals"", ""sportid"": 2, ""eventgroupid"": 84240, ""teamwebsite"": ""https://www.mlb.com/royals""}",team_list_MLB_Royals
Minnesota Twins,https://www.mlb.com/twins,None,Twins,2,84240,MLB,"{""teamname"": ""Minnesota Twins"", ""sportid"": 2, ""eventgroupid"": 84240, ""teamwebsite"": ""https://www.mlb.com/twins""}",team_list_MLB_Twins
Houston Astros,https://www.mlb.com/astros,None,Astros,2,84240,MLB,"{""teamname"": ""Houston Astros"", ""sportid"": 2, ""eventgroupid"": 84240, ""teamwebsite"": ""https://www.mlb.com/astros""}",team_list_MLB_Astros
Los Angeles Angels,https://www.mlb.com/angels,None,Angels,2,84240,MLB,"{""teamname"": ""Los Angeles Angels"", ""sportid"": 2, ""eventgroupid"": 84240, ""teamwebsite"": ""https://www.mlb.com/angels""}",team_list_MLB_Angels
Oakland Athletics,https://www.mlb.com/athletics,None,Athletics,2,84240,MLB,"{""teamname"": ""Oakland Athletics"", ""sportid"": 2, ""eventgroupid"": 84240, ""teamwebsite"": ""https://www.mlb.com/athletics""}",team_list_MLB_Athletics
Seattle Mariners,https://www.mlb.com/mariners,None,Mariners,2,84240,MLB,"{""teamname"": ""Seattle Mariners"", ""sportid"": 2, ""eventgroupid"": 84240, ""teamwebsite"": ""https://www.mlb.com/mariners""}",team_list_MLB_Mariners
Texas Rangers,https://www.mlb.com/rangers,None,Rangers,2,84240,MLB,"{""teamname"": ""Texas Rangers"", ""sportid"": 2, ""eventgroupid"": 84240, ""teamwebsite"": ""https://www.mlb.com/rangers""}",team_list_MLB_Rangers
Atlanta Braves,https://www.mlb.com/braves,None,Braves,2,84240,MLB,"{""teamname"": ""Atlanta Braves"", ""sportid"": 2, ""eventgroupid"": 84240, ""teamwebsite"": ""https://www.mlb.com/braves""}",team_list_MLB_Braves
Miami Marlins,https://www.mlb.com/marlins,None,Marlins,2,84240,MLB,"{""teamname"": ""Miami Marlins"", ""sportid"": 2, ""eventgroupid"": 84240, ""teamwebsite"": ""https://www.mlb.com/marlins""}",team_list_MLB_Marlins
New York Mets,https://www.mlb.com/mets,None,Mets,2,84240,MLB,"{""teamname"": ""New York Mets"", ""sportid"": 2, ""eventgroupid"": 84240, ""teamwebsite"": ""https://www.mlb.com/mets""}",team_list_MLB_Mets
Philadelphia Phillies,https://www.mlb.com/phillies,None,Phillies,2,84240,MLB,"{""teamname"": ""Philadelphia Phillies"", ""sportid"": 2, ""eventgroupid"": 84240, ""teamwebsite"": ""https://www.mlb.com/phillies""}",team_list_MLB_Phillies
Washington Nationals,https://www.mlb.com/nationals,None,Nationals,2,84240,MLB,"{""teamname"": ""Washington Nationals"", ""sportid"": 2, ""eventgroupid"": 84240, ""teamwebsite"": ""https://www.mlb.com/nationals""}",team_list_MLB_Nationals
Chicago Cubs,https://www.mlb.com/cubs,None,Cubs,2,84240,MLB,"{""teamname"": ""Chicago Cubs"", ""sportid"": 2, ""eventgroupid"": 84240, ""teamwebsite"": ""https://www.mlb.com/cubs""}",team_list_MLB_Cubs
Cincinnati Reds,https://www.mlb.com/reds,None,Reds,2,84240,MLB,"{""teamname"": ""Cincinnati Reds"", ""sportid"": 2, ""eventgroupid"": 84240, ""teamwebsite"": ""https://www.mlb.com/reds""}",team_list_MLB_Reds
Milwaukee Brewers,https://www.mlb.com/brewers,None,Brewers,2,84240,MLB,"{""teamname"": ""Milwaukee Brewers"", ""sportid"": 2, ""eventgroupid"": 84240, ""teamwebsite"": ""https://www.mlb.com/brewers""}",team_list_MLB_Brewers
Pittsburgh Pirates,https://www.mlb.com/pirates,None,Pirates,2,84240,MLB,"{""teamname"": ""Pittsburgh Pirates"", ""sportid"": 2, ""eventgroupid"": 84240, ""teamwebsite"": ""https://www.mlb.com/pirates""}",team_list_MLB_Pirates
St. Louis Cardinals,https://www.mlb.com/cardinals,None,Cardinals,2,84240,MLB,"{""teamname"": ""St. Louis Cardinals"", ""sportid"": 2, ""eventgroupid"": 84240, ""teamwebsite"": ""https://www.mlb.com/cardinals""}",team_list_MLB_Cardinals
Arizona Diamondbacks,https://www.mlb.com/dbacks,None,Diamondbacks,2,84240,MLB,"{""teamname"": ""Arizona Diamondbacks"", ""sportid"": 2, ""eventgroupid"": 84240, ""teamwebsite"": ""https://www.mlb.com/dbacks""}",team_list_MLB_Diamondbacks
Colorado Rockies,https://www.mlb.com/rockies,None,Rockies,2,84240,MLB,"{""teamname"": ""Colorado Rockies"", ""sportid"": 2, ""eventgroupid"": 84240, ""teamwebsite"": ""https://www.mlb.com/rockies""}",team_list_MLB_Rockies
Los Angeles Dodgers,https://www.mlb.com/dodgers,None,Dodgers,2,84240,MLB,"{""teamname"": ""Los Angeles Dodgers"", ""sportid"": 2, ""eventgroupid"": 84240, ""teamwebsite"": ""https://www.mlb.com/dodgers""}",team_list_MLB_Dodgers
San Diego Padres,https://www.mlb.com/padres,None,Padres,2,84240,MLB,"{""teamname"": ""San Diego Padres"", ""sportid"": 2, ""eventgroupid"": 84240, ""teamwebsite"": ""https://www.mlb.com/padres""}",team_list_MLB_Padres
San Francisco Giants,https://www.mlb.com/giants,None,Giants,2,84240,MLB,"{""teamname"": ""San Francisco Giants"", ""sportid"": 2, ""eventgroupid"": 84240, ""teamwebsite"": ""https://www.mlb.com/giants""}",team_list_MLB_Giants
Arizona Cardinals,https://www.azcardinals.com/,https://nfl.com/teams/arizona-cardinals/,Cardinals,1,88808,NFL,"{""teamname"": ""Arizona Cardinals"", ""sportid"": 1, ""eventgroupid"": 88808, ""teamwebsite"": ""https://www.azcardinals.com/""}",team_list_NFL_Cardinals
Atlanta Falcons,https://www.atlantafalcons.com/,https://nfl.com/teams/atlanta-falcons/,Falcons,1,88808,NFL,"{""teamname"": ""Atlanta Falcons"", ""sportid"": 1, ""eventgroupid"": 88808, ""teamwebsite"": ""https://www.atlantafalcons.com/""}",team_list_NFL_Falcons
Carolina Panthers,https://www.panthers.com/,https://nfl.com/teams/carolina-panthers/,Panthers,1,88808,NFL,"{""teamname"": ""Carolina Panthers"", ""sportid"": 1, ""eventgroupid"": 88808, ""teamwebsite"": ""https://www.panthers.com/""}",team_list_NFL_Panthers
Chicago Bears,https://www.chicagobears.com/,https://nfl.com/teams/chicago-bears/,Bears,1,88808,NFL,"{""teamname"": ""Chicago Bears"", ""sportid"": 1, ""eventgroupid"": 88808, ""teamwebsite"": ""https://www.chicagobears.com/""}",team_list_NFL_Bears
Dallas Cowboys,https://www.dallascowboys.com/,https://nfl.com/teams/dallas-cowboys/,Cowboys,1,88808,NFL,"{""teamname"": ""Dallas Cowboys"", ""sportid"": 1, ""eventgroupid"": 88808, ""teamwebsite"": ""https://www.dallascowboys.com/""}",team_list_NFL_Cowboys
Detroit Lions,https://www.detroitlions.com/,https://nfl.com/teams/detroit-lions/,Lions,1,88808,NFL,"{""teamname"": ""Detroit Lions"", ""sportid"": 1, ""eventgroupid"": 88808, ""teamwebsite"": ""https://www.detroitlions.com/""}",team_list_NFL_Lions
Green Bay Packers,https://www.packers.com/,https://nfl.com/teams/green-bay-packers/,Packers,1,88808,NFL,"{""teamname"": ""Green Bay Packers"", ""sportid"": 1, ""eventgroupid"": 88808, ""teamwebsite"": ""https://www.packers.com/""}",team_list_NFL_Packers
Los Angeles Rams,https://www.therams.com/,https://nfl.com/teams/los-angeles-rams/,Rams,1,88808,NFL,"{""teamname"": ""Los Angeles Rams"", ""sportid"": 1, ""eventgroupid"": 88808, ""teamwebsite"": ""https://www.therams.com/""}",team_list_NFL_Rams
Minnesota Vikings,https://www.vikings.com/,https://nfl.com/teams/minnesota-vikings/,Vikings,1,88808,NFL,"{""teamname"": ""Minnesota Vikings"", ""sportid"": 1, ""eventgroupid"": 88808, ""teamwebsite"": ""https://www.vikings.com/""}",team_list_NFL_Vikings
New Orleans Saints,https://www.neworleanssaints.com/,https://nfl.com/teams/new-orleans-saints/,Saints,1,88808,NFL,"{""teamname"": ""New Orleans Saints"", ""sportid"": 1, ""eventgroupid"": 88808, ""teamwebsite"": ""https://www.neworleanssaints.com/""}",team_list_NFL_Saints
New York Giants,https://www.giants.com/,https://nfl.com/teams/new-york-giants/,Giants,1,88808,NFL,"{""teamname"": ""New York Giants"", ""sportid"": 1, ""eventgroupid"": 88808, ""teamwebsite"": ""https://www.giants.com/""}",team_list_NFL_Giants
Philadelphia Eagles,https://www.philadelphiaeagles.com/,https://nfl.com/teams/philadelphia-eagles/,Eagles,1,88808,NFL,"{""teamname"": ""Philadelphia Eagles"", ""sportid"": 1, ""eventgroupid"": 88808, ""teamwebsite"": ""https://www.philadelphiaeagles.com/""}",team_list_NFL_Eagles
San Francisco 49ers,https://www.49ers.com/,https://nfl.com/teams/san-francisco-49ers/,49ers,1,88808,NFL,"{""teamname"": ""San Francisco 49ers"", ""sportid"": 1, ""eventgroupid"": 88808, ""teamwebsite"": ""https://www.49ers.com/""}",team_list_NFL_49ers
Seattle Seahawks,https://www.seahawks.com/,https://nfl.com/teams/seattle-seahawks/,Seahawks,1,88808,NFL,"{""teamname"": ""Seattle Seahawks"", ""sportid"": 1, ""eventgroupid"": 88808, ""teamwebsite"": ""https://www.seahawks.com/""}",team_list_NFL_Seahawks
Tampa Bay Buccaneers,https://www.buccaneers.com/,https://nfl.com/teams/tampa-bay-buccaneers/,Buccaneers,1,88808,NFL,"{""teamname"": ""Tampa Bay Buccaneers"", ""sportid"": 1, ""eventgroupid"": 88808, ""teamwebsite"": ""https://www.buccaneers.com/""}",team_list_NFL_Buccaneers
Washington Commanders,https://www.commanders.com/,https://nfl.com/teams/washington-commanders/,Commanders,1,88808,NFL,"{""teamname"": ""Washington Commanders"", ""sportid"": 1, ""eventgroupid"": 88808, ""teamwebsite"": ""https://www.commanders.com/""}",team_list_NFL_Commanders
Baltimore Ravens,https://www.baltimoreravens.com/,https://nfl.com/teams/baltimore-ravens/,Ravens,1,88808,NFL,"{""teamname"": ""Baltimore Ravens"", ""sportid"": 1, ""eventgroupid"": 88808, ""teamwebsite"": ""https://www.baltimoreravens.com/""}",team_list_NFL_Ravens
Buffalo Bills,https://www.buffalobills.com/,https://nfl.com/teams/buffalo-bills/,Bills,1,88808,NFL,"{""teamname"": ""Buffalo Bills"", ""sportid"": 1, ""eventgroupid"": 88808, ""teamwebsite"": ""https://www.buffalobills.com/""}",team_list_NFL_Bills
Cincinnati Bengals,https://www.bengals.com/,https://nfl.com/teams/cincinnati-bengals/,Bengals,1,88808,NFL,"{""teamname"": ""Cincinnati Bengals"", ""sportid"": 1, ""eventgroupid"": 88808, ""teamwebsite"": ""https://www.bengals.com/""}",team_list_NFL_Bengals
Cleveland Browns,https://www.clevelandbrowns.com/,https://nfl.com/teams/cleveland-browns/,Browns,1,88808,NFL,"{""teamname"": ""Cleveland Browns"", ""sportid"": 1, ""eventgroupid"": 88808, ""teamwebsite"": ""https://www.clevelandbrowns.com/""}",team_list_NFL_Browns
Denver Broncos,https://www.denverbroncos.com/,https://nfl.com/teams/denver-broncos/,Broncos,1,88808,NFL,"{""teamname"": ""Denver Broncos"", ""sportid"": 1, ""eventgroupid"": 88808, ""teamwebsite"": ""https://www.denverbroncos.com/""}",team_list_NFL_Broncos
Houston Texans,https://www.houstontexans.com/,https://nfl.com/teams/houston-texans,Texans,1,88808,NFL,"{""teamname"": ""Houston Texans"", ""sportid"": 1, ""eventgroupid"": 88808, ""teamwebsite"": ""https://www.houstontexans.com/""}",team_list_NFL_Texans
Indianapolis Colts,https://www.colts.com/,https://nfl.com/teams/indianapolis-colts,Colts,1,88808,NFL,"{""teamname"": ""Indianapolis Colts"", ""sportid"": 1, ""eventgroupid"": 88808, ""teamwebsite"": ""https://www.colts.com/""}",team_list_NFL_Colts
Jacksonville Jaguars,https://www.jaguars.com/,https://nfl.com/teams/jacksonville-jaguars/,Jaguars,1,88808,NFL,"{""teamname"": ""Jacksonville Jaguars"", ""sportid"": 1, ""eventgroupid"": 88808, ""teamwebsite"": ""https://www.jaguars.com/""}",team_list_NFL_Jaguars
Kansas City Chiefs,https://www.chiefs.com/,https://nfl.com/teams/kansas-city-chiefs/,Chiefs,1,88808,NFL,"{""teamname"": ""Kansas City Chiefs"", ""sportid"": 1, ""eventgroupid"": 88808, ""teamwebsite"": ""https://www.chiefs.com/""}",team_list_NFL_Chiefs
Las Vegas Raiders,https://www.raiders.com/,https://nfl.com/teams/las-vegas-raiders/,Raiders,1,88808,NFL,"{""teamname"": ""Las Vegas Raiders"", ""sportid"": 1, ""eventgroupid"": 88808, ""teamwebsite"": ""https://www.raiders.com/""}",team_list_NFL_Raiders
Los Angeles Chargers,https://www.chargers.com/,https://nfl.com/teams/los-angeles-chargers/,Chargers,1,88808,NFL,"{""teamname"": ""Los Angeles Chargers"", ""sportid"": 1, ""eventgroupid"": 88808, ""teamwebsite"": ""https://www.chargers.com/""}",team_list_NFL_Chargers
Miami Dolphins,https://www.miamidolphins.com/,https://nfl.com/teams/miami-dolphins/,Dolphins,1,88808,NFL,"{""teamname"": ""Miami Dolphins"", ""sportid"": 1, ""eventgroupid"": 88808, ""teamwebsite"": ""https://www.miamidolphins.com/""}",team_list_NFL_Dolphins
New England Patriots,https://www.patriots.com/,https://nfl.com/teams/new-england-patriots/,Patriots,1,88808,NFL,"{""teamname"": ""New England Patriots"", ""sportid"": 1, ""eventgroupid"": 88808, ""teamwebsite"": ""https://www.patriots.com/""}",team_list_NFL_Patriots
New York Jets,https://www.newyorkjets.com/,https://nfl.com/teams/new-york-jets/,Jets,1,88808,NFL,"{""teamname"": ""New York Jets"", ""sportid"": 1, ""eventgroupid"": 88808, ""teamwebsite"": ""https://www.newyorkjets.com/""}",team_list_NFL_Jets
Pittsburgh Steelers,https://www.steelers.com/,https://nfl.com/teams/pittsburgh-steelers/,Steelers,1,88808,NFL,"{""teamname"": ""Pittsburgh Steelers"", ""sportid"": 1, ""eventgroupid"": 88808, ""teamwebsite"": ""https://www.steelers.com/""}",team_list_NFL_Steelers
Tennessee Titans,https://www.tennesseetitans.com/,https://nfl.com/teams/tennessee-titans/,Titans,1,88808,NFL,"{""teamname"": ""Tennessee Titans"", ""sportid"": 1, ""eventgroupid"": 88808, ""teamwebsite"": ""https://www.tennesseetitans.com/""}",team_list_NFL_Titans
